{
  "data_preprocessing": {
    "target_features": 25,
    "keep_ratio": 0.8,
    "outlier_method": "robust",
    "feature_scaling": "standard",
    "variance_threshold": 0.001,
    "correlation_threshold": 0.9
  },
  "federated_learning": {
    "clients": {
      "site-1": {
        "attack_ratio": 0.4,
        "sample_count": 79290,
        "normal_count": 47574,
        "attack_count": 31716
      },
      "site-2": {
        "attack_ratio": 0.8683129825329902,
        "sample_count": 54789,
        "normal_count": 7215,
        "attack_count": 47574
      }
    }
  },
  "training_recommendations": {
    "overall_class_weights": {
      "0": 1.4472156819799595,
      "1": 0.7639314411237644
    },
    "individual_class_weights": {
      "site-1": {
        "0": 0.8333333333333334,
        "1": 1.25
      },
      "site-2": {
        "0": 3.796881496881497,
        "1": 0.5758292344557951
      }
    },
    "evaluation_metrics": [
      "accuracy",
      "auc_roc",
      "auc_pr",
      "f1_score",
      "precision",
      "recall"
    ],
    "cross_validation": "stratified_k_fold",
    "early_stopping": true,
    "learning_rate_scheduler": "StepLR"
  }
}