{
    "msg_travel": {
        "type": "hist",
        "pool": {
            "name": "msg_travel",
            "description": "Time taken (secs) to get here (receiver)",
            "marks": [
                0.0001,
                0.0005,
                0.001,
                0.002,
                0.004,
                0.008,
                0.01,
                0.02,
                0.04,
                0.08,
                0.1,
                0.2,
                0.4,
                0.8,
                1.0,
                2.0
            ],
            "unit": "second",
            "cat_data": {
                "site-1#req:task:register": [
                    {
                        "count": 1,
                        "total": 5.412101745605469e-05,
                        "min": 5.412101745605469e-05,
                        "max": 5.412101745605469e-05
                    },
                    "",
                    "",
                    "",
                    "",
                    "",
                    "",
                    "",
                    "",
                    "",
                    "",
                    "",
                    "",
                    "",
                    "",
                    "",
                    ""
                ],
                "site-2#req:task:register": [
                    {
                        "count": 1,
                        "total": 3.0994415283203125e-05,
                        "min": 3.0994415283203125e-05,
                        "max": 3.0994415283203125e-05
                    },
                    "",
                    "",
                    "",
                    "",
                    "",
                    "",
                    "",
                    "",
                    "",
                    "",
                    "",
                    "",
                    "",
                    "",
                    "",
                    ""
                ],
                "site-3#req:task:register": [
                    {
                        "count": 1,
                        "total": 3.0040740966796875e-05,
                        "min": 3.0040740966796875e-05,
                        "max": 3.0040740966796875e-05
                    },
                    "",
                    "",
                    "",
                    "",
                    "",
                    "",
                    "",
                    "",
                    "",
                    "",
                    "",
                    "",
                    "",
                    "",
                    "",
                    ""
                ],
                "site-4#req:task:register": [
                    {
                        "count": 1,
                        "total": 3.1948089599609375e-05,
                        "min": 3.1948089599609375e-05,
                        "max": 3.1948089599609375e-05
                    },
                    "",
                    "",
                    "",
                    "",
                    "",
                    "",
                    "",
                    "",
                    "",
                    "",
                    "",
                    "",
                    "",
                    "",
                    "",
                    ""
                ],
                "site-5#req:task:register": [
                    {
                        "count": 1,
                        "total": 2.384185791015625e-05,
                        "min": 2.384185791015625e-05,
                        "max": 2.384185791015625e-05
                    },
                    "",
                    "",
                    "",
                    "",
                    "",
                    "",
                    "",
                    "",
                    "",
                    "",
                    "",
                    "",
                    "",
                    "",
                    "",
                    ""
                ],
                "server#req:server_parent_listener:heartbeat": [
                    {
                        "count": 142,
                        "total": 0.008279800415039062,
                        "min": 3.4809112548828125e-05,
                        "max": 9.989738464355469e-05
                    },
                    {
                        "count": 31,
                        "total": 0.005865573883056641,
                        "min": 0.00010085105895996094,
                        "max": 0.0004811286926269531
                    },
                    {
                        "count": 1,
                        "total": 0.0005047321319580078,
                        "min": 0.0005047321319580078,
                        "max": 0.0005047321319580078
                    },
                    "",
                    "",
                    "",
                    "",
                    "",
                    "",
                    "",
                    "",
                    "",
                    "",
                    "",
                    "",
                    "",
                    ""
                ],
                "site-4.simulate_job#req:server_parent_listener:get_clients": [
                    "",
                    "",
                    "",
                    "",
                    {
                        "count": 1,
                        "total": 0.002335786819458008,
                        "min": 0.002335786819458008,
                        "max": 0.002335786819458008
                    },
                    "",
                    "",
                    "",
                    "",
                    "",
                    "",
                    "",
                    "",
                    "",
                    "",
                    "",
                    ""
                ],
                "site-3.simulate_job#req:server_parent_listener:get_clients": [
                    "",
                    "",
                    "",
                    "",
                    {
                        "count": 1,
                        "total": 0.0021681785583496094,
                        "min": 0.0021681785583496094,
                        "max": 0.0021681785583496094
                    },
                    "",
                    "",
                    "",
                    "",
                    "",
                    "",
                    "",
                    "",
                    "",
                    "",
                    "",
                    ""
                ],
                "site-1.simulate_job#req:server_parent_listener:get_clients": [
                    "",
                    "",
                    "",
                    {
                        "count": 1,
                        "total": 0.001461029052734375,
                        "min": 0.001461029052734375,
                        "max": 0.001461029052734375
                    },
                    "",
                    "",
                    "",
                    "",
                    "",
                    "",
                    "",
                    "",
                    "",
                    "",
                    "",
                    "",
                    ""
                ],
                "site-2.simulate_job#req:server_parent_listener:get_clients": [
                    "",
                    "",
                    "",
                    {
                        "count": 1,
                        "total": 0.0014979839324951172,
                        "min": 0.0014979839324951172,
                        "max": 0.0014979839324951172
                    },
                    "",
                    "",
                    "",
                    "",
                    "",
                    "",
                    "",
                    "",
                    "",
                    "",
                    "",
                    "",
                    ""
                ],
                "site-5.simulate_job#req:server_parent_listener:get_clients": [
                    "",
                    "",
                    "",
                    {
                        "count": 1,
                        "total": 0.0013051033020019531,
                        "min": 0.0013051033020019531,
                        "max": 0.0013051033020019531
                    },
                    "",
                    "",
                    "",
                    "",
                    "",
                    "",
                    "",
                    "",
                    "",
                    "",
                    "",
                    "",
                    ""
                ],
                "site-4.simulate_job#fwd.req:sm__STREAM:sm__DATA": [
                    "",
                    {
                        "count": 135,
                        "total": 0.04097437858581543,
                        "min": 0.00018906593322753906,
                        "max": 0.0004968643188476562
                    },
                    {
                        "count": 33,
                        "total": 0.023042678833007812,
                        "min": 0.0005211830139160156,
                        "max": 0.0009672641754150391
                    },
                    {
                        "count": 3,
                        "total": 0.003591299057006836,
                        "min": 0.0010852813720703125,
                        "max": 0.0013768672943115234
                    },
                    {
                        "count": 1,
                        "total": 0.0038988590240478516,
                        "min": 0.0038988590240478516,
                        "max": 0.0038988590240478516
                    },
                    "",
                    "",
                    {
                        "count": 1,
                        "total": 0.014433145523071289,
                        "min": 0.014433145523071289,
                        "max": 0.014433145523071289
                    },
                    {
                        "count": 1,
                        "total": 0.03105783462524414,
                        "min": 0.03105783462524414,
                        "max": 0.03105783462524414
                    },
                    {
                        "count": 1,
                        "total": 0.04433798789978027,
                        "min": 0.04433798789978027,
                        "max": 0.04433798789978027
                    },
                    "",
                    "",
                    "",
                    "",
                    "",
                    "",
                    ""
                ],
                "site-3.simulate_job#fwd.req:sm__STREAM:sm__DATA": [
                    "",
                    {
                        "count": 108,
                        "total": 0.03268861770629883,
                        "min": 0.00020503997802734375,
                        "max": 0.0004899501800537109
                    },
                    {
                        "count": 25,
                        "total": 0.01746511459350586,
                        "min": 0.0005011558532714844,
                        "max": 0.0009388923645019531
                    },
                    {
                        "count": 4,
                        "total": 0.005206108093261719,
                        "min": 0.0011470317840576172,
                        "max": 0.0015349388122558594
                    },
                    {
                        "count": 1,
                        "total": 0.002179861068725586,
                        "min": 0.002179861068725586,
                        "max": 0.002179861068725586
                    },
                    {
                        "count": 2,
                        "total": 0.009838104248046875,
                        "min": 0.0040247440338134766,
                        "max": 0.0058133602142333984
                    },
                    "",
                    {
                        "count": 1,
                        "total": 0.013051033020019531,
                        "min": 0.013051033020019531,
                        "max": 0.013051033020019531
                    },
                    {
                        "count": 2,
                        "total": 0.0739903450012207,
                        "min": 0.036623239517211914,
                        "max": 0.03736710548400879
                    },
                    "",
                    "",
                    "",
                    "",
                    "",
                    "",
                    "",
                    ""
                ],
                "server.simulate_job#fwd.req:sm__STREAM:sm__DATA": [
                    {
                        "count": 571,
                        "total": 0.006104230880737305,
                        "min": 5.9604644775390625e-06,
                        "max": 4.1961669921875e-05
                    },
                    "",
                    "",
                    "",
                    "",
                    "",
                    "",
                    "",
                    "",
                    "",
                    "",
                    "",
                    "",
                    "",
                    "",
                    "",
                    ""
                ],
                "site-2.simulate_job#fwd.req:sm__STREAM:sm__DATA": [
                    "",
                    {
                        "count": 86,
                        "total": 0.025415658950805664,
                        "min": 0.0002167224884033203,
                        "max": 0.0004987716674804688
                    },
                    {
                        "count": 19,
                        "total": 0.013163566589355469,
                        "min": 0.0005130767822265625,
                        "max": 0.000982046127319336
                    },
                    {
                        "count": 5,
                        "total": 0.005401611328125,
                        "min": 0.001035928726196289,
                        "max": 0.001191854476928711
                    },
                    {
                        "count": 1,
                        "total": 0.002153158187866211,
                        "min": 0.002153158187866211,
                        "max": 0.002153158187866211
                    },
                    {
                        "count": 1,
                        "total": 0.00656890869140625,
                        "min": 0.00656890869140625,
                        "max": 0.00656890869140625
                    },
                    "",
                    "",
                    "",
                    "",
                    "",
                    "",
                    "",
                    "",
                    "",
                    "",
                    ""
                ],
                "site-5.simulate_job#fwd.req:sm__STREAM:sm__DATA": [
                    "",
                    {
                        "count": 61,
                        "total": 0.01894235610961914,
                        "min": 0.00019979476928710938,
                        "max": 0.0004901885986328125
                    },
                    {
                        "count": 18,
                        "total": 0.01403045654296875,
                        "min": 0.0005199909210205078,
                        "max": 0.0009870529174804688
                    },
                    {
                        "count": 4,
                        "total": 0.005224943161010742,
                        "min": 0.0010020732879638672,
                        "max": 0.0018680095672607422
                    },
                    "",
                    {
                        "count": 1,
                        "total": 0.004585981369018555,
                        "min": 0.004585981369018555,
                        "max": 0.004585981369018555
                    },
                    "",
                    "",
                    "",
                    "",
                    "",
                    "",
                    "",
                    "",
                    "",
                    "",
                    ""
                ],
                "site-1.simulate_job#fwd.req:sm__STREAM:sm__DATA": [
                    "",
                    {
                        "count": 38,
                        "total": 0.010904550552368164,
                        "min": 0.00021219253540039062,
                        "max": 0.0004527568817138672
                    },
                    {
                        "count": 12,
                        "total": 0.00741887092590332,
                        "min": 0.0005009174346923828,
                        "max": 0.000782012939453125
                    },
                    {
                        "count": 3,
                        "total": 0.003377676010131836,
                        "min": 0.0010027885437011719,
                        "max": 0.0013170242309570312
                    },
                    {
                        "count": 2,
                        "total": 0.006309032440185547,
                        "min": 0.0024230480194091797,
                        "max": 0.003885984420776367
                    },
                    {
                        "count": 1,
                        "total": 0.007144927978515625,
                        "min": 0.007144927978515625,
                        "max": 0.007144927978515625
                    },
                    "",
                    "",
                    "",
                    {
                        "count": 1,
                        "total": 0.04050779342651367,
                        "min": 0.04050779342651367,
                        "max": 0.04050779342651367
                    },
                    "",
                    "",
                    "",
                    "",
                    "",
                    "",
                    ""
                ],
                "site-5.simulate_job#req:cellnet.channel:bye": [
                    "",
                    {
                        "count": 1,
                        "total": 0.00012063980102539062,
                        "min": 0.00012063980102539062,
                        "max": 0.00012063980102539062
                    },
                    "",
                    "",
                    "",
                    "",
                    "",
                    "",
                    "",
                    "",
                    "",
                    "",
                    "",
                    "",
                    "",
                    "",
                    ""
                ]
            }
        }
    },
    "msg_travel@server.simulate_job": {
        "type": "hist",
        "pool": {
            "name": "msg_travel@server.simulate_job",
            "description": "Time taken (secs) to get here (receiver)",
            "marks": [
                0.0001,
                0.0005,
                0.001,
                0.002,
                0.004,
                0.008,
                0.01,
                0.02,
                0.04,
                0.08,
                0.1,
                0.2,
                0.4,
                0.8,
                1.0,
                2.0
            ],
            "unit": "second",
            "cat_data": {
                "site-4.simulate_job#req:sm__STREAM:sm__DATA": [
                    "",
                    {
                        "count": 124,
                        "total": 0.04520297050476074,
                        "min": 0.00024008750915527344,
                        "max": 0.0004878044128417969
                    },
                    {
                        "count": 41,
                        "total": 0.028949260711669922,
                        "min": 0.0005021095275878906,
                        "max": 0.0009999275207519531
                    },
                    {
                        "count": 6,
                        "total": 0.0068476200103759766,
                        "min": 0.0010187625885009766,
                        "max": 0.0014100074768066406
                    },
                    {
                        "count": 1,
                        "total": 0.0039539337158203125,
                        "min": 0.0039539337158203125,
                        "max": 0.0039539337158203125
                    },
                    "",
                    "",
                    {
                        "count": 1,
                        "total": 0.014524221420288086,
                        "min": 0.014524221420288086,
                        "max": 0.014524221420288086
                    },
                    {
                        "count": 1,
                        "total": 0.031122922897338867,
                        "min": 0.031122922897338867,
                        "max": 0.031122922897338867
                    },
                    {
                        "count": 1,
                        "total": 0.04440808296203613,
                        "min": 0.04440808296203613,
                        "max": 0.04440808296203613
                    },
                    "",
                    "",
                    "",
                    "",
                    "",
                    "",
                    ""
                ],
                "site-3.simulate_job#req:sm__STREAM:sm__DATA": [
                    "",
                    {
                        "count": 94,
                        "total": 0.033087730407714844,
                        "min": 0.0002651214599609375,
                        "max": 0.0004782676696777344
                    },
                    {
                        "count": 37,
                        "total": 0.025026559829711914,
                        "min": 0.0005011558532714844,
                        "max": 0.0009491443634033203
                    },
                    {
                        "count": 6,
                        "total": 0.007613182067871094,
                        "min": 0.0010008811950683594,
                        "max": 0.0016317367553710938
                    },
                    {
                        "count": 1,
                        "total": 0.0023458003997802734,
                        "min": 0.0023458003997802734,
                        "max": 0.0023458003997802734
                    },
                    {
                        "count": 2,
                        "total": 0.009961843490600586,
                        "min": 0.004080772399902344,
                        "max": 0.005881071090698242
                    },
                    "",
                    {
                        "count": 1,
                        "total": 0.013131856918334961,
                        "min": 0.013131856918334961,
                        "max": 0.013131856918334961
                    },
                    {
                        "count": 2,
                        "total": 0.07417654991149902,
                        "min": 0.03674125671386719,
                        "max": 0.037435293197631836
                    },
                    "",
                    "",
                    "",
                    "",
                    "",
                    "",
                    "",
                    ""
                ],
                "site-2.simulate_job#req:sm__STREAM:sm__DATA": [
                    "",
                    {
                        "count": 81,
                        "total": 0.02883601188659668,
                        "min": 0.000270843505859375,
                        "max": 0.0004868507385253906
                    },
                    {
                        "count": 23,
                        "total": 0.016798973083496094,
                        "min": 0.0005369186401367188,
                        "max": 0.0009360313415527344
                    },
                    {
                        "count": 6,
                        "total": 0.0067670345306396484,
                        "min": 0.0010120868682861328,
                        "max": 0.0012488365173339844
                    },
                    {
                        "count": 1,
                        "total": 0.002215147018432617,
                        "min": 0.002215147018432617,
                        "max": 0.002215147018432617
                    },
                    {
                        "count": 1,
                        "total": 0.006646871566772461,
                        "min": 0.006646871566772461,
                        "max": 0.006646871566772461
                    },
                    "",
                    "",
                    "",
                    "",
                    "",
                    "",
                    "",
                    "",
                    "",
                    "",
                    ""
                ],
                "site-5.simulate_job#req:sm__STREAM:sm__DATA": [
                    "",
                    {
                        "count": 51,
                        "total": 0.017716407775878906,
                        "min": 0.0002498626708984375,
                        "max": 0.0004951953887939453
                    },
                    {
                        "count": 23,
                        "total": 0.015752077102661133,
                        "min": 0.0005068778991699219,
                        "max": 0.0009829998016357422
                    },
                    {
                        "count": 9,
                        "total": 0.010795116424560547,
                        "min": 0.0010280609130859375,
                        "max": 0.0019237995147705078
                    },
                    "",
                    {
                        "count": 1,
                        "total": 0.004651069641113281,
                        "min": 0.004651069641113281,
                        "max": 0.004651069641113281
                    },
                    "",
                    "",
                    "",
                    "",
                    "",
                    "",
                    "",
                    "",
                    "",
                    "",
                    ""
                ],
                "site-1.simulate_job#req:sm__STREAM:sm__DATA": [
                    "",
                    {
                        "count": 34,
                        "total": 0.011442184448242188,
                        "min": 0.00026798248291015625,
                        "max": 0.00046825408935546875
                    },
                    {
                        "count": 16,
                        "total": 0.010656356811523438,
                        "min": 0.0005016326904296875,
                        "max": 0.0008511543273925781
                    },
                    {
                        "count": 3,
                        "total": 0.003596067428588867,
                        "min": 0.0010700225830078125,
                        "max": 0.0013890266418457031
                    },
                    {
                        "count": 2,
                        "total": 0.006439685821533203,
                        "min": 0.0024869441986083984,
                        "max": 0.003952741622924805
                    },
                    {
                        "count": 1,
                        "total": 0.007205963134765625,
                        "min": 0.007205963134765625,
                        "max": 0.007205963134765625
                    },
                    "",
                    "",
                    "",
                    {
                        "count": 1,
                        "total": 0.040580034255981445,
                        "min": 0.040580034255981445,
                        "max": 0.040580034255981445
                    },
                    "",
                    "",
                    "",
                    "",
                    "",
                    "",
                    ""
                ]
            }
        }
    },
    "msg_travel@site-1": {
        "type": "hist",
        "pool": {
            "name": "msg_travel@site-1",
            "description": "Time taken (secs) to get here (receiver)",
            "marks": [
                0.0001,
                0.0005,
                0.001,
                0.002,
                0.004,
                0.008,
                0.01,
                0.02,
                0.04,
                0.08,
                0.1,
                0.2,
                0.4,
                0.8,
                1.0,
                2.0
            ],
            "unit": "second",
            "cat_data": {
                "server#reply:task:register": [
                    {
                        "count": 1,
                        "total": 1.5020370483398438e-05,
                        "min": 1.5020370483398438e-05,
                        "max": 1.5020370483398438e-05
                    },
                    "",
                    "",
                    "",
                    "",
                    "",
                    "",
                    "",
                    "",
                    "",
                    "",
                    "",
                    "",
                    "",
                    "",
                    "",
                    ""
                ]
            }
        }
    },
    "msg_travel@site-2": {
        "type": "hist",
        "pool": {
            "name": "msg_travel@site-2",
            "description": "Time taken (secs) to get here (receiver)",
            "marks": [
                0.0001,
                0.0005,
                0.001,
                0.002,
                0.004,
                0.008,
                0.01,
                0.02,
                0.04,
                0.08,
                0.1,
                0.2,
                0.4,
                0.8,
                1.0,
                2.0
            ],
            "unit": "second",
            "cat_data": {
                "server#reply:task:register": [
                    {
                        "count": 1,
                        "total": 1.0967254638671875e-05,
                        "min": 1.0967254638671875e-05,
                        "max": 1.0967254638671875e-05
                    },
                    "",
                    "",
                    "",
                    "",
                    "",
                    "",
                    "",
                    "",
                    "",
                    "",
                    "",
                    "",
                    "",
                    "",
                    "",
                    ""
                ]
            }
        }
    },
    "msg_travel@site-3": {
        "type": "hist",
        "pool": {
            "name": "msg_travel@site-3",
            "description": "Time taken (secs) to get here (receiver)",
            "marks": [
                0.0001,
                0.0005,
                0.001,
                0.002,
                0.004,
                0.008,
                0.01,
                0.02,
                0.04,
                0.08,
                0.1,
                0.2,
                0.4,
                0.8,
                1.0,
                2.0
            ],
            "unit": "second",
            "cat_data": {
                "server#reply:task:register": [
                    {
                        "count": 1,
                        "total": 1.0967254638671875e-05,
                        "min": 1.0967254638671875e-05,
                        "max": 1.0967254638671875e-05
                    },
                    "",
                    "",
                    "",
                    "",
                    "",
                    "",
                    "",
                    "",
                    "",
                    "",
                    "",
                    "",
                    "",
                    "",
                    "",
                    ""
                ]
            }
        }
    },
    "msg_travel@site-4": {
        "type": "hist",
        "pool": {
            "name": "msg_travel@site-4",
            "description": "Time taken (secs) to get here (receiver)",
            "marks": [
                0.0001,
                0.0005,
                0.001,
                0.002,
                0.004,
                0.008,
                0.01,
                0.02,
                0.04,
                0.08,
                0.1,
                0.2,
                0.4,
                0.8,
                1.0,
                2.0
            ],
            "unit": "second",
            "cat_data": {
                "server#reply:task:register": [
                    {
                        "count": 1,
                        "total": 1.2159347534179688e-05,
                        "min": 1.2159347534179688e-05,
                        "max": 1.2159347534179688e-05
                    },
                    "",
                    "",
                    "",
                    "",
                    "",
                    "",
                    "",
                    "",
                    "",
                    "",
                    "",
                    "",
                    "",
                    "",
                    "",
                    ""
                ]
            }
        }
    },
    "msg_travel@site-5": {
        "type": "hist",
        "pool": {
            "name": "msg_travel@site-5",
            "description": "Time taken (secs) to get here (receiver)",
            "marks": [
                0.0001,
                0.0005,
                0.001,
                0.002,
                0.004,
                0.008,
                0.01,
                0.02,
                0.04,
                0.08,
                0.1,
                0.2,
                0.4,
                0.8,
                1.0,
                2.0
            ],
            "unit": "second",
            "cat_data": {
                "server#reply:task:register": [
                    {
                        "count": 1,
                        "total": 9.775161743164062e-06,
                        "min": 9.775161743164062e-06,
                        "max": 9.775161743164062e-06
                    },
                    "",
                    "",
                    "",
                    "",
                    "",
                    "",
                    "",
                    "",
                    "",
                    "",
                    "",
                    "",
                    "",
                    "",
                    "",
                    ""
                ]
            }
        }
    },
    "received_msg_counters": {
        "type": "counter",
        "pool": {
            "name": "received_msg_counters",
            "description": "Result counters of received messages",
            "counter_names": [
                "received",
                "replied",
                "ok",
                "no_reply_expected",
                "forward"
            ],
            "cat_data": {
                "req:task:register": {
                    "received": 5
                },
                "reply:task:register": {
                    "replied": 5,
                    "ok": 5
                },
                "req:server_parent_listener:heartbeat": {
                    "received": 174,
                    "no_reply_expected": 174
                },
                "req:server_parent_listener:get_clients": {
                    "received": 5
                },
                "reply:server_parent_listener:get_clients": {
                    "replied": 5,
                    "ok": 5
                },
                "fwd.req:sm__STREAM:sm__DATA": {
                    "received": 1142,
                    "forward": 1142
                },
                "req:cellnet.channel:bye": {
                    "received": 1
                },
                "reply:cellnet.channel:bye": {
                    "replied": 1,
                    "ok": 1
                }
            }
        }
    },
    "received_msg_counters@server.simulate_job": {
        "type": "counter",
        "pool": {
            "name": "received_msg_counters@server.simulate_job",
            "description": "Result counters of received messages",
            "counter_names": [
                "received",
                "no_reply:none"
            ],
            "cat_data": {
                "req:sm__STREAM:sm__DATA": {
                    "received": 571,
                    "no_reply:none": 571
                }
            }
        }
    },
    "received_msg_counters@site-1": {
        "type": "counter",
        "pool": {
            "name": "received_msg_counters@site-1",
            "description": "Result counters of received messages",
            "counter_names": [
                "received"
            ],
            "cat_data": {
                "reply:task:register": {
                    "received": 1
                }
            }
        }
    },
    "received_msg_counters@site-2": {
        "type": "counter",
        "pool": {
            "name": "received_msg_counters@site-2",
            "description": "Result counters of received messages",
            "counter_names": [
                "received"
            ],
            "cat_data": {
                "reply:task:register": {
                    "received": 1
                }
            }
        }
    },
    "received_msg_counters@site-3": {
        "type": "counter",
        "pool": {
            "name": "received_msg_counters@site-3",
            "description": "Result counters of received messages",
            "counter_names": [
                "received"
            ],
            "cat_data": {
                "reply:task:register": {
                    "received": 1
                }
            }
        }
    },
    "received_msg_counters@site-4": {
        "type": "counter",
        "pool": {
            "name": "received_msg_counters@site-4",
            "description": "Result counters of received messages",
            "counter_names": [
                "received"
            ],
            "cat_data": {
                "reply:task:register": {
                    "received": 1
                }
            }
        }
    },
    "received_msg_counters@site-5": {
        "type": "counter",
        "pool": {
            "name": "received_msg_counters@site-5",
            "description": "Result counters of received messages",
            "counter_names": [
                "received"
            ],
            "cat_data": {
                "reply:task:register": {
                    "received": 1
                }
            }
        }
    },
    "received_msg_sizes": {
        "type": "hist",
        "pool": {
            "name": "received_msg_sizes",
            "description": "Sizes of messages received (MBs)",
            "marks": [
                0.01,
                0.1,
                1,
                10,
                50,
                100,
                200,
                500,
                800,
                1000
            ],
            "unit": "MB",
            "cat_data": {
                "req:task:register": [
                    {
                        "count": 5,
                        "total": 9.5367431640625e-06,
                        "min": 1.9073486328125e-06,
                        "max": 1.9073486328125e-06
                    },
                    "",
                    "",
                    "",
                    "",
                    "",
                    "",
                    "",
                    "",
                    "",
                    ""
                ],
                "req:server_parent_listener:heartbeat": [
                    {
                        "count": 174,
                        "total": 0.000331878662109375,
                        "min": 1.9073486328125e-06,
                        "max": 1.9073486328125e-06
                    },
                    "",
                    "",
                    "",
                    "",
                    "",
                    "",
                    "",
                    "",
                    "",
                    ""
                ],
                "req:server_parent_listener:get_clients": [
                    {
                        "count": 5,
                        "total": 4.76837158203125e-05,
                        "min": 9.5367431640625e-06,
                        "max": 9.5367431640625e-06
                    },
                    "",
                    "",
                    "",
                    "",
                    "",
                    "",
                    "",
                    "",
                    "",
                    ""
                ],
                "req:cellnet.channel:bye": [
                    {
                        "count": 1,
                        "total": 0.0,
                        "min": 0.0,
                        "max": 0.0
                    },
                    "",
                    "",
                    "",
                    "",
                    "",
                    "",
                    "",
                    "",
                    "",
                    ""
                ]
            }
        }
    },
    "received_msg_sizes@server.simulate_job": {
        "type": "hist",
        "pool": {
            "name": "received_msg_sizes@server.simulate_job",
            "description": "Sizes of messages received (MBs)",
            "marks": [
                0.01,
                0.1,
                1,
                10,
                50,
                100,
                200,
                500,
                800,
                1000
            ],
            "unit": "MB",
            "cat_data": {
                "req:sm__STREAM:sm__DATA": [
                    {
                        "count": 522,
                        "total": 0.22507190704345703,
                        "min": 0.00028228759765625,
                        "max": 0.00044345855712890625
                    },
                    "",
                    {
                        "count": 49,
                        "total": 39.44772529602051,
                        "min": 0.8050556182861328,
                        "max": 0.8050556182861328
                    },
                    "",
                    "",
                    "",
                    "",
                    "",
                    "",
                    "",
                    ""
                ]
            }
        }
    },
    "received_msg_sizes@site-1": {
        "type": "hist",
        "pool": {
            "name": "received_msg_sizes@site-1",
            "description": "Sizes of messages received (MBs)",
            "marks": [
                0.01,
                0.1,
                1,
                10,
                50,
                100,
                200,
                500,
                800,
                1000
            ],
            "unit": "MB",
            "cat_data": {
                "reply:task:register": [
                    {
                        "count": 1,
                        "total": 0.0,
                        "min": 0.0,
                        "max": 0.0
                    },
                    "",
                    "",
                    "",
                    "",
                    "",
                    "",
                    "",
                    "",
                    "",
                    ""
                ]
            }
        }
    },
    "received_msg_sizes@site-2": {
        "type": "hist",
        "pool": {
            "name": "received_msg_sizes@site-2",
            "description": "Sizes of messages received (MBs)",
            "marks": [
                0.01,
                0.1,
                1,
                10,
                50,
                100,
                200,
                500,
                800,
                1000
            ],
            "unit": "MB",
            "cat_data": {
                "reply:task:register": [
                    {
                        "count": 1,
                        "total": 0.0,
                        "min": 0.0,
                        "max": 0.0
                    },
                    "",
                    "",
                    "",
                    "",
                    "",
                    "",
                    "",
                    "",
                    "",
                    ""
                ]
            }
        }
    },
    "received_msg_sizes@site-3": {
        "type": "hist",
        "pool": {
            "name": "received_msg_sizes@site-3",
            "description": "Sizes of messages received (MBs)",
            "marks": [
                0.01,
                0.1,
                1,
                10,
                50,
                100,
                200,
                500,
                800,
                1000
            ],
            "unit": "MB",
            "cat_data": {
                "reply:task:register": [
                    {
                        "count": 1,
                        "total": 0.0,
                        "min": 0.0,
                        "max": 0.0
                    },
                    "",
                    "",
                    "",
                    "",
                    "",
                    "",
                    "",
                    "",
                    "",
                    ""
                ]
            }
        }
    },
    "received_msg_sizes@site-4": {
        "type": "hist",
        "pool": {
            "name": "received_msg_sizes@site-4",
            "description": "Sizes of messages received (MBs)",
            "marks": [
                0.01,
                0.1,
                1,
                10,
                50,
                100,
                200,
                500,
                800,
                1000
            ],
            "unit": "MB",
            "cat_data": {
                "reply:task:register": [
                    {
                        "count": 1,
                        "total": 0.0,
                        "min": 0.0,
                        "max": 0.0
                    },
                    "",
                    "",
                    "",
                    "",
                    "",
                    "",
                    "",
                    "",
                    "",
                    ""
                ]
            }
        }
    },
    "received_msg_sizes@site-5": {
        "type": "hist",
        "pool": {
            "name": "received_msg_sizes@site-5",
            "description": "Sizes of messages received (MBs)",
            "marks": [
                0.01,
                0.1,
                1,
                10,
                50,
                100,
                200,
                500,
                800,
                1000
            ],
            "unit": "MB",
            "cat_data": {
                "reply:task:register": [
                    {
                        "count": 1,
                        "total": 0.0,
                        "min": 0.0,
                        "max": 0.0
                    },
                    "",
                    "",
                    "",
                    "",
                    "",
                    "",
                    "",
                    "",
                    "",
                    ""
                ]
            }
        }
    },
    "received_stream_counters": {
        "type": "counter",
        "pool": {
            "name": "received_stream_counters",
            "description": "Counters of received streams",
            "counter_names": [
                "received"
            ],
            "cat_data": {}
        }
    },
    "received_stream_counters@server.simulate_job": {
        "type": "counter",
        "pool": {
            "name": "received_stream_counters@server.simulate_job",
            "description": "Counters of received streams",
            "counter_names": [
                "received"
            ],
            "cat_data": {
                "stream:aux_communication:__sync_runner__": {
                    "received": 5
                },
                "stream:server_command:get_task": {
                    "received": 468
                },
                "stream:aux_communication:__task_check__": {
                    "received": 49
                },
                "stream:server_command:submit_update": {
                    "received": 49
                }
            }
        }
    },
    "received_stream_counters@site-1": {
        "type": "counter",
        "pool": {
            "name": "received_stream_counters@site-1",
            "description": "Counters of received streams",
            "counter_names": [
                "received"
            ],
            "cat_data": {}
        }
    },
    "received_stream_counters@site-2": {
        "type": "counter",
        "pool": {
            "name": "received_stream_counters@site-2",
            "description": "Counters of received streams",
            "counter_names": [
                "received"
            ],
            "cat_data": {}
        }
    },
    "received_stream_counters@site-3": {
        "type": "counter",
        "pool": {
            "name": "received_stream_counters@site-3",
            "description": "Counters of received streams",
            "counter_names": [
                "received"
            ],
            "cat_data": {}
        }
    },
    "received_stream_counters@site-4": {
        "type": "counter",
        "pool": {
            "name": "received_stream_counters@site-4",
            "description": "Counters of received streams",
            "counter_names": [
                "received"
            ],
            "cat_data": {}
        }
    },
    "received_stream_counters@site-5": {
        "type": "counter",
        "pool": {
            "name": "received_stream_counters@site-5",
            "description": "Counters of received streams",
            "counter_names": [
                "received"
            ],
            "cat_data": {}
        }
    },
    "received_stream_sizes": {
        "type": "hist",
        "pool": {
            "name": "received_stream_sizes",
            "description": "Sizes of streams received (MBs)",
            "marks": [
                0.01,
                0.1,
                1,
                10,
                50,
                100,
                200,
                500,
                800,
                1000
            ],
            "unit": "MB",
            "cat_data": {}
        }
    },
    "received_stream_sizes@server.simulate_job": {
        "type": "hist",
        "pool": {
            "name": "received_stream_sizes@server.simulate_job",
            "description": "Sizes of streams received (MBs)",
            "marks": [
                0.01,
                0.1,
                1,
                10,
                50,
                100,
                200,
                500,
                800,
                1000
            ],
            "unit": "MB",
            "cat_data": {
                "stream:aux_communication:__sync_runner__": [
                    {
                        "count": 5,
                        "total": 0.00141143798828125,
                        "min": 0.00028228759765625,
                        "max": 0.00028228759765625
                    },
                    "",
                    "",
                    "",
                    "",
                    "",
                    "",
                    "",
                    "",
                    "",
                    ""
                ],
                "stream:server_command:get_task": [
                    {
                        "count": 468,
                        "total": 0.20753860473632812,
                        "min": 0.00044345855712890625,
                        "max": 0.00044345855712890625
                    },
                    "",
                    "",
                    "",
                    "",
                    "",
                    "",
                    "",
                    "",
                    "",
                    ""
                ],
                "stream:aux_communication:__task_check__": [
                    {
                        "count": 49,
                        "total": 0.016121864318847656,
                        "min": 0.00032901763916015625,
                        "max": 0.00032901763916015625
                    },
                    "",
                    "",
                    "",
                    "",
                    "",
                    "",
                    "",
                    "",
                    "",
                    ""
                ],
                "stream:server_command:submit_update": [
                    "",
                    "",
                    {
                        "count": 49,
                        "total": 39.44772529602051,
                        "min": 0.8050556182861328,
                        "max": 0.8050556182861328
                    },
                    "",
                    "",
                    "",
                    "",
                    "",
                    "",
                    "",
                    ""
                ]
            }
        }
    },
    "received_stream_sizes@site-1": {
        "type": "hist",
        "pool": {
            "name": "received_stream_sizes@site-1",
            "description": "Sizes of streams received (MBs)",
            "marks": [
                0.01,
                0.1,
                1,
                10,
                50,
                100,
                200,
                500,
                800,
                1000
            ],
            "unit": "MB",
            "cat_data": {}
        }
    },
    "received_stream_sizes@site-2": {
        "type": "hist",
        "pool": {
            "name": "received_stream_sizes@site-2",
            "description": "Sizes of streams received (MBs)",
            "marks": [
                0.01,
                0.1,
                1,
                10,
                50,
                100,
                200,
                500,
                800,
                1000
            ],
            "unit": "MB",
            "cat_data": {}
        }
    },
    "received_stream_sizes@site-3": {
        "type": "hist",
        "pool": {
            "name": "received_stream_sizes@site-3",
            "description": "Sizes of streams received (MBs)",
            "marks": [
                0.01,
                0.1,
                1,
                10,
                50,
                100,
                200,
                500,
                800,
                1000
            ],
            "unit": "MB",
            "cat_data": {}
        }
    },
    "received_stream_sizes@site-4": {
        "type": "hist",
        "pool": {
            "name": "received_stream_sizes@site-4",
            "description": "Sizes of streams received (MBs)",
            "marks": [
                0.01,
                0.1,
                1,
                10,
                50,
                100,
                200,
                500,
                800,
                1000
            ],
            "unit": "MB",
            "cat_data": {}
        }
    },
    "received_stream_sizes@site-5": {
        "type": "hist",
        "pool": {
            "name": "received_stream_sizes@site-5",
            "description": "Sizes of streams received (MBs)",
            "marks": [
                0.01,
                0.1,
                1,
                10,
                50,
                100,
                200,
                500,
                800,
                1000
            ],
            "unit": "MB",
            "cat_data": {}
        }
    },
    "request_processing": {
        "type": "hist",
        "pool": {
            "name": "request_processing",
            "description": "Time spent (secs) by request processing callbacks (receiver)",
            "marks": [
                0.0001,
                0.0005,
                0.001,
                0.002,
                0.004,
                0.008,
                0.01,
                0.02,
                0.04,
                0.08,
                0.1,
                0.2,
                0.4,
                0.8,
                1.0,
                2.0
            ],
            "unit": "second",
            "cat_data": {
                "req:task:register": [
                    {
                        "count": 2,
                        "total": 0.0001879579976957757,
                        "min": 9.037499876285437e-05,
                        "max": 9.758299893292133e-05
                    },
                    {
                        "count": 3,
                        "total": 0.0003620409988798201,
                        "min": 0.0001071660008165054,
                        "max": 0.00014541699965775479
                    },
                    "",
                    "",
                    "",
                    "",
                    "",
                    "",
                    "",
                    "",
                    "",
                    "",
                    "",
                    "",
                    "",
                    "",
                    ""
                ],
                "req:server_parent_listener:heartbeat": [
                    {
                        "count": 174,
                        "total": 0.0012566229997901246,
                        "min": 4.624998837243766e-06,
                        "max": 1.275000067835208e-05
                    },
                    "",
                    "",
                    "",
                    "",
                    "",
                    "",
                    "",
                    "",
                    "",
                    "",
                    "",
                    "",
                    "",
                    "",
                    "",
                    ""
                ],
                "req:server_parent_listener:get_clients": [
                    {
                        "count": 5,
                        "total": 3.554099930624943e-05,
                        "min": 4.707999323727563e-06,
                        "max": 9.291999958804809e-06
                    },
                    "",
                    "",
                    "",
                    "",
                    "",
                    "",
                    "",
                    "",
                    "",
                    "",
                    "",
                    "",
                    "",
                    "",
                    "",
                    ""
                ],
                "req:cellnet.channel:bye": [
                    {
                        "count": 1,
                        "total": 9.0000012278324e-06,
                        "min": 9.0000012278324e-06,
                        "max": 9.0000012278324e-06
                    },
                    "",
                    "",
                    "",
                    "",
                    "",
                    "",
                    "",
                    "",
                    "",
                    "",
                    "",
                    "",
                    "",
                    "",
                    "",
                    ""
                ]
            }
        }
    },
    "request_processing@server.simulate_job": {
        "type": "hist",
        "pool": {
            "name": "request_processing@server.simulate_job",
            "description": "Time spent (secs) by request processing callbacks (receiver)",
            "marks": [
                0.0001,
                0.0005,
                0.001,
                0.002,
                0.004,
                0.008,
                0.01,
                0.02,
                0.04,
                0.08,
                0.1,
                0.2,
                0.4,
                0.8,
                1.0,
                2.0
            ],
            "unit": "second",
            "cat_data": {
                "req:sm__STREAM:sm__DATA": [
                    {
                        "count": 553,
                        "total": 0.02559202798329352,
                        "min": 2.2750000425730832e-05,
                        "max": 9.866700020211283e-05
                    },
                    {
                        "count": 16,
                        "total": 0.003278624000813579,
                        "min": 0.00010041600035037845,
                        "max": 0.00044799999886890873
                    },
                    {
                        "count": 2,
                        "total": 0.0016293759999825852,
                        "min": 0.0007539170001109596,
                        "max": 0.0008754589998716256
                    },
                    "",
                    "",
                    "",
                    "",
                    "",
                    "",
                    "",
                    "",
                    "",
                    "",
                    "",
                    "",
                    "",
                    ""
                ]
            }
        }
    },
    "request_processing@site-1": {
        "type": "hist",
        "pool": {
            "name": "request_processing@site-1",
            "description": "Time spent (secs) by request processing callbacks (receiver)",
            "marks": [
                0.0001,
                0.0005,
                0.001,
                0.002,
                0.004,
                0.008,
                0.01,
                0.02,
                0.04,
                0.08,
                0.1,
                0.2,
                0.4,
                0.8,
                1.0,
                2.0
            ],
            "unit": "second",
            "cat_data": {}
        }
    },
    "request_processing@site-2": {
        "type": "hist",
        "pool": {
            "name": "request_processing@site-2",
            "description": "Time spent (secs) by request processing callbacks (receiver)",
            "marks": [
                0.0001,
                0.0005,
                0.001,
                0.002,
                0.004,
                0.008,
                0.01,
                0.02,
                0.04,
                0.08,
                0.1,
                0.2,
                0.4,
                0.8,
                1.0,
                2.0
            ],
            "unit": "second",
            "cat_data": {}
        }
    },
    "request_processing@site-3": {
        "type": "hist",
        "pool": {
            "name": "request_processing@site-3",
            "description": "Time spent (secs) by request processing callbacks (receiver)",
            "marks": [
                0.0001,
                0.0005,
                0.001,
                0.002,
                0.004,
                0.008,
                0.01,
                0.02,
                0.04,
                0.08,
                0.1,
                0.2,
                0.4,
                0.8,
                1.0,
                2.0
            ],
            "unit": "second",
            "cat_data": {}
        }
    },
    "request_processing@site-4": {
        "type": "hist",
        "pool": {
            "name": "request_processing@site-4",
            "description": "Time spent (secs) by request processing callbacks (receiver)",
            "marks": [
                0.0001,
                0.0005,
                0.001,
                0.002,
                0.004,
                0.008,
                0.01,
                0.02,
                0.04,
                0.08,
                0.1,
                0.2,
                0.4,
                0.8,
                1.0,
                2.0
            ],
            "unit": "second",
            "cat_data": {}
        }
    },
    "request_processing@site-5": {
        "type": "hist",
        "pool": {
            "name": "request_processing@site-5",
            "description": "Time spent (secs) by request processing callbacks (receiver)",
            "marks": [
                0.0001,
                0.0005,
                0.001,
                0.002,
                0.004,
                0.008,
                0.01,
                0.02,
                0.04,
                0.08,
                0.1,
                0.2,
                0.4,
                0.8,
                1.0,
                2.0
            ],
            "unit": "second",
            "cat_data": {}
        }
    },
    "request_response": {
        "type": "hist",
        "pool": {
            "name": "request_response",
            "description": "Request/response time in secs (sender)",
            "marks": [
                0.0001,
                0.0005,
                0.001,
                0.002,
                0.004,
                0.008,
                0.01,
                0.02,
                0.04,
                0.08,
                0.1,
                0.2,
                0.4,
                0.8,
                1.0,
                2.0
            ],
            "unit": "second",
            "cat_data": {}
        }
    },
    "request_response@server.simulate_job": {
        "type": "hist",
        "pool": {
            "name": "request_response@server.simulate_job",
            "description": "Request/response time in secs (sender)",
            "marks": [
                0.0001,
                0.0005,
                0.001,
                0.002,
                0.004,
                0.008,
                0.01,
                0.02,
                0.04,
                0.08,
                0.1,
                0.2,
                0.4,
                0.8,
                1.0,
                2.0
            ],
            "unit": "second",
            "cat_data": {}
        }
    },
    "request_response@site-1": {
        "type": "hist",
        "pool": {
            "name": "request_response@site-1",
            "description": "Request/response time in secs (sender)",
            "marks": [
                0.0001,
                0.0005,
                0.001,
                0.002,
                0.004,
                0.008,
                0.01,
                0.02,
                0.04,
                0.08,
                0.1,
                0.2,
                0.4,
                0.8,
                1.0,
                2.0
            ],
            "unit": "second",
            "cat_data": {
                "reply:task:register": [
                    "",
                    {
                        "count": 1,
                        "total": 0.000370025634765625,
                        "min": 0.000370025634765625,
                        "max": 0.000370025634765625
                    },
                    "",
                    "",
                    "",
                    "",
                    "",
                    "",
                    "",
                    "",
                    "",
                    "",
                    "",
                    "",
                    "",
                    "",
                    ""
                ]
            }
        }
    },
    "request_response@site-2": {
        "type": "hist",
        "pool": {
            "name": "request_response@site-2",
            "description": "Request/response time in secs (sender)",
            "marks": [
                0.0001,
                0.0005,
                0.001,
                0.002,
                0.004,
                0.008,
                0.01,
                0.02,
                0.04,
                0.08,
                0.1,
                0.2,
                0.4,
                0.8,
                1.0,
                2.0
            ],
            "unit": "second",
            "cat_data": {
                "reply:task:register": [
                    "",
                    {
                        "count": 1,
                        "total": 0.0002923011779785156,
                        "min": 0.0002923011779785156,
                        "max": 0.0002923011779785156
                    },
                    "",
                    "",
                    "",
                    "",
                    "",
                    "",
                    "",
                    "",
                    "",
                    "",
                    "",
                    "",
                    "",
                    "",
                    ""
                ]
            }
        }
    },
    "request_response@site-3": {
        "type": "hist",
        "pool": {
            "name": "request_response@site-3",
            "description": "Request/response time in secs (sender)",
            "marks": [
                0.0001,
                0.0005,
                0.001,
                0.002,
                0.004,
                0.008,
                0.01,
                0.02,
                0.04,
                0.08,
                0.1,
                0.2,
                0.4,
                0.8,
                1.0,
                2.0
            ],
            "unit": "second",
            "cat_data": {
                "reply:task:register": [
                    "",
                    {
                        "count": 1,
                        "total": 0.0002269744873046875,
                        "min": 0.0002269744873046875,
                        "max": 0.0002269744873046875
                    },
                    "",
                    "",
                    "",
                    "",
                    "",
                    "",
                    "",
                    "",
                    "",
                    "",
                    "",
                    "",
                    "",
                    "",
                    ""
                ]
            }
        }
    },
    "request_response@site-4": {
        "type": "hist",
        "pool": {
            "name": "request_response@site-4",
            "description": "Request/response time in secs (sender)",
            "marks": [
                0.0001,
                0.0005,
                0.001,
                0.002,
                0.004,
                0.008,
                0.01,
                0.02,
                0.04,
                0.08,
                0.1,
                0.2,
                0.4,
                0.8,
                1.0,
                2.0
            ],
            "unit": "second",
            "cat_data": {
                "reply:task:register": [
                    "",
                    {
                        "count": 1,
                        "total": 0.0002601146697998047,
                        "min": 0.0002601146697998047,
                        "max": 0.0002601146697998047
                    },
                    "",
                    "",
                    "",
                    "",
                    "",
                    "",
                    "",
                    "",
                    "",
                    "",
                    "",
                    "",
                    "",
                    "",
                    ""
                ]
            }
        }
    },
    "request_response@site-5": {
        "type": "hist",
        "pool": {
            "name": "request_response@site-5",
            "description": "Request/response time in secs (sender)",
            "marks": [
                0.0001,
                0.0005,
                0.001,
                0.002,
                0.004,
                0.008,
                0.01,
                0.02,
                0.04,
                0.08,
                0.1,
                0.2,
                0.4,
                0.8,
                1.0,
                2.0
            ],
            "unit": "second",
            "cat_data": {
                "reply:task:register": [
                    "",
                    {
                        "count": 1,
                        "total": 0.00019693374633789062,
                        "min": 0.00019693374633789062,
                        "max": 0.00019693374633789062
                    },
                    "",
                    "",
                    "",
                    "",
                    "",
                    "",
                    "",
                    "",
                    "",
                    "",
                    "",
                    "",
                    "",
                    "",
                    ""
                ]
            }
        }
    },
    "sent_msg_counters": {
        "type": "counter",
        "pool": {
            "name": "sent_msg_counters",
            "description": "Result counters of sent messages",
            "counter_names": [
                "sent",
                "forward"
            ],
            "cat_data": {
                "req:server_parent_listener:heartbeat": {
                    "sent": 174
                },
                "fwd.req:sm__STREAM:sm__DATA": {
                    "forward": 1142
                },
                "req:sm__STREAM:sm__DATA": {
                    "sent": 5
                }
            }
        }
    },
    "sent_msg_counters@server.simulate_job": {
        "type": "counter",
        "pool": {
            "name": "sent_msg_counters@server.simulate_job",
            "description": "Result counters of sent messages",
            "counter_names": [
                "sent"
            ],
            "cat_data": {
                "req:sm__STREAM:sm__DATA": {
                    "sent": 571
                }
            }
        }
    },
    "sent_msg_counters@site-1": {
        "type": "counter",
        "pool": {
            "name": "sent_msg_counters@site-1",
            "description": "Result counters of sent messages",
            "counter_names": [
                "sent",
                "ok"
            ],
            "cat_data": {
                "req:task:register": {
                    "sent": 1
                },
                "reply:task:register": {
                    "ok": 1
                }
            }
        }
    },
    "sent_msg_counters@site-2": {
        "type": "counter",
        "pool": {
            "name": "sent_msg_counters@site-2",
            "description": "Result counters of sent messages",
            "counter_names": [
                "sent",
                "ok"
            ],
            "cat_data": {
                "req:task:register": {
                    "sent": 1
                },
                "reply:task:register": {
                    "ok": 1
                }
            }
        }
    },
    "sent_msg_counters@site-3": {
        "type": "counter",
        "pool": {
            "name": "sent_msg_counters@site-3",
            "description": "Result counters of sent messages",
            "counter_names": [
                "sent",
                "ok"
            ],
            "cat_data": {
                "req:task:register": {
                    "sent": 1
                },
                "reply:task:register": {
                    "ok": 1
                }
            }
        }
    },
    "sent_msg_counters@site-4": {
        "type": "counter",
        "pool": {
            "name": "sent_msg_counters@site-4",
            "description": "Result counters of sent messages",
            "counter_names": [
                "sent",
                "ok"
            ],
            "cat_data": {
                "req:task:register": {
                    "sent": 1
                },
                "reply:task:register": {
                    "ok": 1
                }
            }
        }
    },
    "sent_msg_counters@site-5": {
        "type": "counter",
        "pool": {
            "name": "sent_msg_counters@site-5",
            "description": "Result counters of sent messages",
            "counter_names": [
                "sent",
                "ok"
            ],
            "cat_data": {
                "req:task:register": {
                    "sent": 1
                },
                "reply:task:register": {
                    "ok": 1
                }
            }
        }
    },
    "sent_msg_sizes": {
        "type": "hist",
        "pool": {
            "name": "sent_msg_sizes",
            "description": "Sizes of messages sent (MBs)",
            "marks": [
                0.01,
                0.1,
                1,
                10,
                50,
                100,
                200,
                500,
                800,
                1000
            ],
            "unit": "MB",
            "cat_data": {
                "reply:task:register": [
                    {
                        "count": 5,
                        "total": 0.0,
                        "min": 0.0,
                        "max": 0.0
                    },
                    "",
                    "",
                    "",
                    "",
                    "",
                    "",
                    "",
                    "",
                    "",
                    ""
                ],
                "req:server_parent_listener:heartbeat": [
                    {
                        "count": 174,
                        "total": 0.000331878662109375,
                        "min": 1.9073486328125e-06,
                        "max": 1.9073486328125e-06
                    },
                    "",
                    "",
                    "",
                    "",
                    "",
                    "",
                    "",
                    "",
                    "",
                    ""
                ],
                "reply:server_parent_listener:get_clients": [
                    {
                        "count": 5,
                        "total": 9.5367431640625e-06,
                        "min": 1.9073486328125e-06,
                        "max": 1.9073486328125e-06
                    },
                    "",
                    "",
                    "",
                    "",
                    "",
                    "",
                    "",
                    "",
                    "",
                    ""
                ],
                "fwd.req:sm__STREAM:sm__DATA": [
                    {
                        "count": 1048,
                        "total": 0.44000720977783203,
                        "min": 9.5367431640625e-06,
                        "max": 0.0007753372192382812
                    },
                    "",
                    {
                        "count": 94,
                        "total": 75.6537275314331,
                        "min": 0.8045778274536133,
                        "max": 0.8050556182861328
                    },
                    "",
                    "",
                    "",
                    "",
                    "",
                    "",
                    "",
                    ""
                ],
                "req:sm__STREAM:sm__DATA": [
                    {
                        "count": 5,
                        "total": 0.0011777877807617188,
                        "min": 0.00023555755615234375,
                        "max": 0.00023555755615234375
                    },
                    "",
                    "",
                    "",
                    "",
                    "",
                    "",
                    "",
                    "",
                    "",
                    ""
                ],
                "reply:cellnet.channel:bye": [
                    {
                        "count": 1,
                        "total": 0.0,
                        "min": 0.0,
                        "max": 0.0
                    },
                    "",
                    "",
                    "",
                    "",
                    "",
                    "",
                    "",
                    "",
                    "",
                    ""
                ]
            }
        }
    },
    "sent_msg_sizes@server.simulate_job": {
        "type": "hist",
        "pool": {
            "name": "sent_msg_sizes@server.simulate_job",
            "description": "Sizes of messages sent (MBs)",
            "marks": [
                0.01,
                0.1,
                1,
                10,
                50,
                100,
                200,
                500,
                800,
                1000
            ],
            "unit": "MB",
            "cat_data": {
                "req:sm__STREAM:sm__DATA": [
                    {
                        "count": 526,
                        "total": 0.214935302734375,
                        "min": 9.5367431640625e-06,
                        "max": 0.0007753372192382812
                    },
                    "",
                    {
                        "count": 45,
                        "total": 36.2060022354126,
                        "min": 0.8045778274536133,
                        "max": 0.8045778274536133
                    },
                    "",
                    "",
                    "",
                    "",
                    "",
                    "",
                    "",
                    ""
                ]
            }
        }
    },
    "sent_msg_sizes@site-1": {
        "type": "hist",
        "pool": {
            "name": "sent_msg_sizes@site-1",
            "description": "Sizes of messages sent (MBs)",
            "marks": [
                0.01,
                0.1,
                1,
                10,
                50,
                100,
                200,
                500,
                800,
                1000
            ],
            "unit": "MB",
            "cat_data": {
                "req:task:register": [
                    {
                        "count": 1,
                        "total": 1.9073486328125e-06,
                        "min": 1.9073486328125e-06,
                        "max": 1.9073486328125e-06
                    },
                    "",
                    "",
                    "",
                    "",
                    "",
                    "",
                    "",
                    "",
                    "",
                    ""
                ]
            }
        }
    },
    "sent_msg_sizes@site-2": {
        "type": "hist",
        "pool": {
            "name": "sent_msg_sizes@site-2",
            "description": "Sizes of messages sent (MBs)",
            "marks": [
                0.01,
                0.1,
                1,
                10,
                50,
                100,
                200,
                500,
                800,
                1000
            ],
            "unit": "MB",
            "cat_data": {
                "req:task:register": [
                    {
                        "count": 1,
                        "total": 1.9073486328125e-06,
                        "min": 1.9073486328125e-06,
                        "max": 1.9073486328125e-06
                    },
                    "",
                    "",
                    "",
                    "",
                    "",
                    "",
                    "",
                    "",
                    "",
                    ""
                ]
            }
        }
    },
    "sent_msg_sizes@site-3": {
        "type": "hist",
        "pool": {
            "name": "sent_msg_sizes@site-3",
            "description": "Sizes of messages sent (MBs)",
            "marks": [
                0.01,
                0.1,
                1,
                10,
                50,
                100,
                200,
                500,
                800,
                1000
            ],
            "unit": "MB",
            "cat_data": {
                "req:task:register": [
                    {
                        "count": 1,
                        "total": 1.9073486328125e-06,
                        "min": 1.9073486328125e-06,
                        "max": 1.9073486328125e-06
                    },
                    "",
                    "",
                    "",
                    "",
                    "",
                    "",
                    "",
                    "",
                    "",
                    ""
                ]
            }
        }
    },
    "sent_msg_sizes@site-4": {
        "type": "hist",
        "pool": {
            "name": "sent_msg_sizes@site-4",
            "description": "Sizes of messages sent (MBs)",
            "marks": [
                0.01,
                0.1,
                1,
                10,
                50,
                100,
                200,
                500,
                800,
                1000
            ],
            "unit": "MB",
            "cat_data": {
                "req:task:register": [
                    {
                        "count": 1,
                        "total": 1.9073486328125e-06,
                        "min": 1.9073486328125e-06,
                        "max": 1.9073486328125e-06
                    },
                    "",
                    "",
                    "",
                    "",
                    "",
                    "",
                    "",
                    "",
                    "",
                    ""
                ]
            }
        }
    },
    "sent_msg_sizes@site-5": {
        "type": "hist",
        "pool": {
            "name": "sent_msg_sizes@site-5",
            "description": "Sizes of messages sent (MBs)",
            "marks": [
                0.01,
                0.1,
                1,
                10,
                50,
                100,
                200,
                500,
                800,
                1000
            ],
            "unit": "MB",
            "cat_data": {
                "req:task:register": [
                    {
                        "count": 1,
                        "total": 1.9073486328125e-06,
                        "min": 1.9073486328125e-06,
                        "max": 1.9073486328125e-06
                    },
                    "",
                    "",
                    "",
                    "",
                    "",
                    "",
                    "",
                    "",
                    "",
                    ""
                ]
            }
        }
    },
    "sent_stream_counters": {
        "type": "counter",
        "pool": {
            "name": "sent_stream_counters",
            "description": "Counters of sent streams",
            "counter_names": [
                "sent"
            ],
            "cat_data": {
                "blob:aux_communication:__end_run__": {
                    "sent": 5
                }
            }
        }
    },
    "sent_stream_counters@server.simulate_job": {
        "type": "counter",
        "pool": {
            "name": "sent_stream_counters@server.simulate_job",
            "description": "Counters of sent streams",
            "counter_names": [
                "sent"
            ],
            "cat_data": {
                "blob:return_only:aux_communication:__sync_runner__": {
                    "sent": 5
                },
                "blob:return_only:server_command:get_task": {
                    "sent": 468
                },
                "blob:return_only:aux_communication:__task_check__": {
                    "sent": 49
                },
                "blob:return_only:server_command:submit_update": {
                    "sent": 49
                }
            }
        }
    },
    "sent_stream_counters@site-1": {
        "type": "counter",
        "pool": {
            "name": "sent_stream_counters@site-1",
            "description": "Counters of sent streams",
            "counter_names": [
                "sent"
            ],
            "cat_data": {}
        }
    },
    "sent_stream_counters@site-2": {
        "type": "counter",
        "pool": {
            "name": "sent_stream_counters@site-2",
            "description": "Counters of sent streams",
            "counter_names": [
                "sent"
            ],
            "cat_data": {}
        }
    },
    "sent_stream_counters@site-3": {
        "type": "counter",
        "pool": {
            "name": "sent_stream_counters@site-3",
            "description": "Counters of sent streams",
            "counter_names": [
                "sent"
            ],
            "cat_data": {}
        }
    },
    "sent_stream_counters@site-4": {
        "type": "counter",
        "pool": {
            "name": "sent_stream_counters@site-4",
            "description": "Counters of sent streams",
            "counter_names": [
                "sent"
            ],
            "cat_data": {}
        }
    },
    "sent_stream_counters@site-5": {
        "type": "counter",
        "pool": {
            "name": "sent_stream_counters@site-5",
            "description": "Counters of sent streams",
            "counter_names": [
                "sent"
            ],
            "cat_data": {}
        }
    },
    "sent_stream_sizes": {
        "type": "hist",
        "pool": {
            "name": "sent_stream_sizes",
            "description": "Sizes of streams sent (MBs)",
            "marks": [
                0.01,
                0.1,
                1,
                10,
                50,
                100,
                200,
                500,
                800,
                1000
            ],
            "unit": "MB",
            "cat_data": {
                "blob:aux_communication:__end_run__": [
                    {
                        "count": 5,
                        "total": 0.0011777877807617188,
                        "min": 0.00023555755615234375,
                        "max": 0.00023555755615234375
                    },
                    "",
                    "",
                    "",
                    "",
                    "",
                    "",
                    "",
                    "",
                    "",
                    ""
                ]
            }
        }
    },
    "sent_stream_sizes@server.simulate_job": {
        "type": "hist",
        "pool": {
            "name": "sent_stream_sizes@server.simulate_job",
            "description": "Sizes of streams sent (MBs)",
            "marks": [
                0.01,
                0.1,
                1,
                10,
                50,
                100,
                200,
                500,
                800,
                1000
            ],
            "unit": "MB",
            "cat_data": {
                "blob:return_only:aux_communication:__sync_runner__": [
                    {
                        "count": 5,
                        "total": 0.0019311904907226562,
                        "min": 0.00038623809814453125,
                        "max": 0.00038623809814453125
                    },
                    "",
                    "",
                    "",
                    "",
                    "",
                    "",
                    "",
                    "",
                    "",
                    ""
                ],
                "blob:return_only:server_command:get_task": [
                    {
                        "count": 423,
                        "total": 0.19361114501953125,
                        "min": 0.00043773651123046875,
                        "max": 0.0007753372192382812
                    },
                    "",
                    {
                        "count": 45,
                        "total": 36.2060022354126,
                        "min": 0.8045778274536133,
                        "max": 0.8045778274536133
                    },
                    "",
                    "",
                    "",
                    "",
                    "",
                    "",
                    "",
                    ""
                ],
                "blob:return_only:aux_communication:__task_check__": [
                    {
                        "count": 49,
                        "total": 0.01892566680908203,
                        "min": 0.00038623809814453125,
                        "max": 0.00038623809814453125
                    },
                    "",
                    "",
                    "",
                    "",
                    "",
                    "",
                    "",
                    "",
                    "",
                    ""
                ],
                "blob:return_only:server_command:submit_update": [
                    {
                        "count": 49,
                        "total": 0.0004673004150390625,
                        "min": 9.5367431640625e-06,
                        "max": 9.5367431640625e-06
                    },
                    "",
                    "",
                    "",
                    "",
                    "",
                    "",
                    "",
                    "",
                    "",
                    ""
                ]
            }
        }
    },
    "sent_stream_sizes@site-1": {
        "type": "hist",
        "pool": {
            "name": "sent_stream_sizes@site-1",
            "description": "Sizes of streams sent (MBs)",
            "marks": [
                0.01,
                0.1,
                1,
                10,
                50,
                100,
                200,
                500,
                800,
                1000
            ],
            "unit": "MB",
            "cat_data": {}
        }
    },
    "sent_stream_sizes@site-2": {
        "type": "hist",
        "pool": {
            "name": "sent_stream_sizes@site-2",
            "description": "Sizes of streams sent (MBs)",
            "marks": [
                0.01,
                0.1,
                1,
                10,
                50,
                100,
                200,
                500,
                800,
                1000
            ],
            "unit": "MB",
            "cat_data": {}
        }
    },
    "sent_stream_sizes@site-3": {
        "type": "hist",
        "pool": {
            "name": "sent_stream_sizes@site-3",
            "description": "Sizes of streams sent (MBs)",
            "marks": [
                0.01,
                0.1,
                1,
                10,
                50,
                100,
                200,
                500,
                800,
                1000
            ],
            "unit": "MB",
            "cat_data": {}
        }
    },
    "sent_stream_sizes@site-4": {
        "type": "hist",
        "pool": {
            "name": "sent_stream_sizes@site-4",
            "description": "Sizes of streams sent (MBs)",
            "marks": [
                0.01,
                0.1,
                1,
                10,
                50,
                100,
                200,
                500,
                800,
                1000
            ],
            "unit": "MB",
            "cat_data": {}
        }
    },
    "sent_stream_sizes@site-5": {
        "type": "hist",
        "pool": {
            "name": "sent_stream_sizes@site-5",
            "description": "Sizes of streams sent (MBs)",
            "marks": [
                0.01,
                0.1,
                1,
                10,
                50,
                100,
                200,
                500,
                800,
                1000
            ],
            "unit": "MB",
            "cat_data": {}
        }
    },
    "sfm_send_frame": {
        "type": "hist",
        "pool": {
            "name": "sfm_send_frame",
            "description": "SFM send_frame time in secs",
            "marks": [
                0.0001,
                0.0005,
                0.001,
                0.002,
                0.004,
                0.008,
                0.01,
                0.02,
                0.04,
                0.08,
                0.1,
                0.2,
                0.4,
                0.8,
                1.0,
                2.0
            ],
            "unit": "second",
            "cat_data": {
                "TcpDriver": [
                    {
                        "count": 495,
                        "total": 0.02455250399725628,
                        "min": 2.6666999474400654e-05,
                        "max": 9.708299876365345e-05
                    },
                    {
                        "count": 51,
                        "total": 0.013782791000267025,
                        "min": 0.00010199999996984843,
                        "max": 0.0004899169998680009
                    },
                    {
                        "count": 26,
                        "total": 0.018724249002843862,
                        "min": 0.0005144170008861693,
                        "max": 0.0009759169988683425
                    },
                    {
                        "count": 10,
                        "total": 0.013203541993789258,
                        "min": 0.0010269169997627614,
                        "max": 0.0017385829996783286
                    },
                    "",
                    "",
                    "",
                    "",
                    "",
                    "",
                    "",
                    "",
                    "",
                    "",
                    "",
                    "",
                    ""
                ]
            }
        }
    }
}