{
  "format_version": 2,
  "server": {
    "heart_beat_timeout": 600
  },
  "task_data_filters": [],
  "task_result_filters": [],
  "components": [
    {
      "id": "shareable_generator",
      "path": "nvflare.app_common.shareablegenerators.full_model_shareable_generator.FullModelShareableGenerator",
      "args": {}
    },
    {
      "id": "aggregator",
      "path": "custom.aggregator.FlowerStyleAggregator",
      "args": {
        "expected_data_kind": "WEIGHTS",
        "aggregation_weights": {
          "site-1": 1,
          "site-2": 1,
          "site-3": 1
        }
      }
    }
  ],
  "workflows": [
    {
      "id": "scatter_and_gather",
      "path": "nvflare.app_common.workflows.scatter_and_gather.ScatterAndGather",
      "args": {
        "min_clients": 4,
        "num_rounds": 10,
        "start_round": 0,
        "wait_time_after_min_received": 10,
        "aggregator_id": "aggregator",
        "shareable_generator_id": "shareable_generator",
        "train_task_name": "CustomTrainer",
        "train_timeout": 6000
      }
    }
  ]
}