{
    "name": "ids-flare-job",
    "min_clients": 2,
    "resource_spec": {},
    "deploy_map": {
        "app": [
            "@All"
        ]
    },
    "components": [
        {
            "name": "scatter_and_gather",
            "path": "nvflare.app_opt.pt.scatter_and_gather.ScatterAndGather",
            "args": {
                "num_rounds": 3,
                "aggregator_id": "agg"
            }
        },
        {
            "name": "agg",
            "path": "custom.custom_aggregator.CustomWeightedAggregator"
        }
    ],
    "job_folder_name": "job",
    "byoc": true
}